"Time (s)","Illuminance (lx)"
0.000000000E0,0.000000000E0
1.564967000E-3,0.000000000E0
