"Time (s)","Illuminance (lx)"
0.000000000E0,4.038750000E2
2.673756845E1,4.038750000E2
2.674161064E1,4.038750000E2
2.923696353E1,4.038750000E2
2.924069166E1,4.038750000E2
