"Time (s)","Illuminance (lx)"
0.000000000E0,1.216625000E3
4.014453083E0,1.083000000E3
