"Time (s)","Illuminance (lx)"
0.000000000E0,2.770700000E4
1.013914270E-1,2.378687500E4
1.704734672E1,2.624050000E4
3.709886031E1,2.899100000E4
